{
  "results": {
    "s256:whole-doc-mean": {
      "n_queries": 101,
      "recall_at_k": {
        "1": 0.5548679867986799,
        "5": 0.8811291843470062,
        "10": 0.9957567185289957
      },
      "mrr": 0.7760254596888261,
      "hard_negative_accuracy": 0.7128712871287128
    },
    "s256:firstp": {
      "n_queries": 101,
      "recall_at_k": {
        "1": 0.21658415841584158,
        "5": 0.6435054219707685,
        "10": 0.9807284299858557
      },
      "mrr": 0.4677785635706428,
      "hard_negative_accuracy": 0.32673267326732675
    },
    "s256:sump": {
      "n_queries": 101,
      "recall_at_k": {
        "1": 0.36963696369636967,
        "5": 0.7292550683639792,
        "10": 0.9847949080622347
      },
      "mrr": 0.5988448844884489,
      "hard_negative_accuracy": 0.5148514851485149
    },
    "s256:meanp": {
      "n_queries": 101,
      "recall_at_k": {
        "1": 0.5721947194719472,
        "5": 0.8681636020744932,
        "10": 0.9957567185289957
      },
      "mrr": 0.7642464246424642,
      "hard_negative_accuracy": 0.7029702970297029
    },
    "s256:maxp": {
      "n_queries": 101,
      "recall_at_k": {
        "1": 0.5622937293729373,
        "5": 0.8821900047147573,
        "10": 0.9932814710042432
      },
      "mrr": 0.7813099167059563,
      "hard_negative_accuracy": 0.7326732673267327
    },
    "s512:whole-doc-mean": {
      "n_queries": 101,
      "recall_at_k": {
        "1": 0.5697194719471947,
        "5": 0.8968057520037718,
        "10": 0.9924563884959925
      },
      "mrr": 0.7876473361621877,
      "hard_negative_accuracy": 0.7227722772277227
    },
    "s512:firstp": {
      "n_queries": 101,
      "recall_at_k": {
        "1": 0.38407590759075905,
        "5": 0.8483026874115983,
        "10": 0.9896864686468646
      },
      "mrr": 0.6295890303316046,
      "hard_negative_accuracy": 0.5643564356435643
    },
    "s512:sump": {
      "n_queries": 101,
      "recall_at_k": {
        "1": 0.3857260726072608,
        "5": 0.7515322960867514,
        "10": 0.9847949080622347
      },
      "mrr": 0.6198137670909948,
      "hard_negative_accuracy": 0.5544554455445545
    },
    "s512:meanp": {
      "n_queries": 101,
      "recall_at_k": {
        "1": 0.5202145214521452,
        "5": 0.8656883545497407,
        "10": 0.9924563884959925
      },
      "mrr": 0.7425428257111426,
      "hard_negative_accuracy": 0.6831683168316832
    },
    "s512:maxp": {
      "n_queries": 101,
      "recall_at_k": {
        "1": 0.5548679867986799,
        "5": 0.9034064120697785,
        "10": 0.9946958981612446
      },
      "mrr": 0.7793022159358793,
      "hard_negative_accuracy": 0.7326732673267327
    },
    "s1024:whole-doc-mean": {
      "n_queries": 101,
      "recall_at_k": {
        "1": 0.5697194719471947,
        "5": 0.872053276756247,
        "10": 0.9924563884959925
      },
      "mrr": 0.772960867515323,
      "hard_negative_accuracy": 0.7128712871287128
    },
    "s1024:firstp": {
      "n_queries": 101,
      "recall_at_k": {
        "1": 0.3978665723715229,
        "5": 0.8969236209335218,
        "10": 0.987034417727487
      },
      "mrr": 0.6670084865629421,
      "hard_negative_accuracy": 0.6336633663366337
    },
    "s1024:sump": {
      "n_queries": 101,
      "recall_at_k": {
        "1": 0.3708745874587459,
        "5": 0.7501178689297501,
        "10": 0.9823196605374822
      },
      "mrr": 0.6078500707213579,
      "hard_negative_accuracy": 0.5346534653465347
    },
    "s1024:meanp": {
      "n_queries": 101,
      "recall_at_k": {
        "1": 0.4830858085808581,
        "5": 0.8656883545497407,
        "10": 0.9924563884959925
      },
      "mrr": 0.717986798679868,
      "hard_negative_accuracy": 0.6534653465346535
    },
    "s1024:maxp": {
      "n_queries": 101,
      "recall_at_k": {
        "1": 0.5103135313531353,
        "5": 0.9048208392267798,
        "10": 0.9959335219236208
      },
      "mrr": 0.7484834197705484,
      "hard_negative_accuracy": 0.7029702970297029
    }
  },
  "meta": {
    "train_repos": [
      "Textualize/rich",
      "encode/starlette",
      "encode/uvicorn",
      "fastapi/typer",
      "pallets/click",
      "pallets/flask",
      "pallets/jinja",
      "pallets/werkzeug",
      "psf/black"
    ],
    "test_repos": [
      "pydantic/pydantic",
      "pytest-dev/pytest",
      "python-attrs/attrs",
      "python-poetry/poetry",
      "scrapy/scrapy",
      "tox-dev/tox"
    ],
    "n_test_queries": 101,
    "task": "diff_to_affected_test"
  },
  "verdict": {
    "maxp_beats_firstp_at_n_sizes": 3,
    "n_sizes": 3,
    "summary": "MaxP beats FirstP at all chunk sizes"
  }
}
