{
  "model": "sentence-transformers/all-MiniLM-L6-v2",
  "dim": 384,
  "systems": {
    "vanilla-tf-cosine": {
      "n_queries": 174,
      "recall_at_k": {
        "1": 0.39080459770114945,
        "5": 0.7241379310344828,
        "10": 0.9310344827586207
      },
      "mrr": 0.5435384698315733,
      "hard_negative_accuracy": 0.39655172413793105
    },
    "idf-cosine": {
      "n_queries": 174,
      "recall_at_k": {
        "1": 0.45977011494252873,
        "5": 0.8275862068965517,
        "10": 0.9770114942528736
      },
      "mrr": 0.6240368826575723,
      "hard_negative_accuracy": 0.45977011494252873
    },
    "relation-metric": {
      "n_queries": 174,
      "recall_at_k": {
        "1": 0.4540229885057471,
        "5": 0.7988505747126436,
        "10": 0.9597701149425287
      },
      "mrr": 0.6180879624845141,
      "hard_negative_accuracy": 0.47126436781609193
    },
    "embedder-cosine": {
      "n_queries": 174,
      "recall_at_k": {
        "1": 0.5919540229885057,
        "5": 0.9195402298850575,
        "10": 0.9885057471264368
      },
      "mrr": 0.7278370735267287,
      "hard_negative_accuracy": 0.5919540229885057
    },
    "embedder+tower": {
      "n_queries": 174,
      "recall_at_k": {
        "1": 0.1896551724137931,
        "5": 0.6436781609195402,
        "10": 0.9195402298850575
      },
      "mrr": 0.38148679226265436,
      "hard_negative_accuracy": 0.21839080459770116
    },
    "embedder+relation-map": {
      "n_queries": 174,
      "recall_at_k": {
        "1": 0.5919540229885057,
        "5": 0.9310344827586207,
        "10": 0.9885057471264368
      },
      "mrr": 0.737018792191206,
      "hard_negative_accuracy": 0.5919540229885057
    }
  },
  "meta": {
    "train_repos": [
      "Textualize/rich",
      "astral-sh/ruff",
      "encode/starlette",
      "encode/uvicorn",
      "fastapi/typer",
      "pallets/click",
      "pallets/flask",
      "pallets/jinja",
      "pallets/werkzeug",
      "psf/black"
    ],
    "test_repos": [
      "psf/requests",
      "pydantic/pydantic",
      "pytest-dev/pytest",
      "python-attrs/attrs",
      "python-pillow/Pillow",
      "python-poetry/poetry",
      "scrapy/scrapy",
      "tox-dev/tox"
    ]
  }
}
