{
  "systems": {
    "frozen-cosine": {
      "n_queries": 174,
      "recall_at_k": {
        "1": 0.5919540229885057,
        "5": 0.9195402298850575,
        "10": 0.9885057471264368
      },
      "mrr": 0.7278370735267287,
      "hard_negative_accuracy": 0.5919540229885057
    },
    "free-aggregation (R11B)": {
      "n_queries": 174,
      "recall_at_k": {
        "1": 0.6091954022988506,
        "5": 0.9540229885057471,
        "10": 0.9885057471264368
      },
      "mrr": 0.7535166940339354,
      "hard_negative_accuracy": 0.6149425287356322
    },
    "learned-rgcn (1-hop)": {
      "n_queries": 174,
      "recall_at_k": {
        "1": 0.5747126436781609,
        "5": 0.9367816091954023,
        "10": 0.9885057471264368
      },
      "mrr": 0.7299396484741312,
      "hard_negative_accuracy": 0.5747126436781609
    }
  }
}
