{
  "results": {
    "s256:whole-doc-mean": {
      "n_queries": 271,
      "recall_at_k": {
        "1": 0.6494464944649446,
        "5": 0.9446494464944649,
        "10": 0.996309963099631
      },
      "mrr": 0.7724610362986747,
      "hard_negative_accuracy": 0.6642066420664207
    },
    "s256:firstp": {
      "n_queries": 271,
      "recall_at_k": {
        "1": 0.6863468634686347,
        "5": 0.992619926199262,
        "10": 1.0
      },
      "mrr": 0.8116851168511685,
      "hard_negative_accuracy": 0.7306273062730627
    },
    "s256:sump": {
      "n_queries": 271,
      "recall_at_k": {
        "1": 0.04797047970479705,
        "5": 0.3247232472324723,
        "10": 0.8782287822878229
      },
      "mrr": 0.221771873063386,
      "hard_negative_accuracy": 0.04797047970479705
    },
    "s256:meanp": {
      "n_queries": 271,
      "recall_at_k": {
        "1": 0.6826568265682657,
        "5": 0.948339483394834,
        "10": 0.996309963099631
      },
      "mrr": 0.7941561103922727,
      "hard_negative_accuracy": 0.7232472324723247
    },
    "s256:maxp": {
      "n_queries": 271,
      "recall_at_k": {
        "1": 0.6531365313653137,
        "5": 0.933579335793358,
        "10": 0.985239852398524
      },
      "mrr": 0.7719618429950533,
      "hard_negative_accuracy": 0.6605166051660517
    },
    "s512:whole-doc-mean": {
      "n_queries": 271,
      "recall_at_k": {
        "1": 0.5904059040590406,
        "5": 0.9261992619926199,
        "10": 0.992619926199262
      },
      "mrr": 0.7283740142596231,
      "hard_negative_accuracy": 0.6014760147601476
    },
    "s512:firstp": {
      "n_queries": 271,
      "recall_at_k": {
        "1": 0.7011070110701108,
        "5": 0.974169741697417,
        "10": 0.996309963099631
      },
      "mrr": 0.8138333785935261,
      "hard_negative_accuracy": 0.7195571955719557
    },
    "s512:sump": {
      "n_queries": 271,
      "recall_at_k": {
        "1": 0.05166051660516605,
        "5": 0.31365313653136534,
        "10": 0.8782287822878229
      },
      "mrr": 0.21504913700485656,
      "hard_negative_accuracy": 0.05166051660516605
    },
    "s512:meanp": {
      "n_queries": 271,
      "recall_at_k": {
        "1": 0.6273062730627307,
        "5": 0.9446494464944649,
        "10": 0.992619926199262
      },
      "mrr": 0.7572075525950065,
      "hard_negative_accuracy": 0.6826568265682657
    },
    "s512:maxp": {
      "n_queries": 271,
      "recall_at_k": {
        "1": 0.6678966789667896,
        "5": 0.955719557195572,
        "10": 0.981549815498155
      },
      "mrr": 0.7842708849166413,
      "hard_negative_accuracy": 0.6752767527675276
    },
    "s1024:whole-doc-mean": {
      "n_queries": 271,
      "recall_at_k": {
        "1": 0.6162361623616236,
        "5": 0.922509225092251,
        "10": 0.988929889298893
      },
      "mrr": 0.7422834033535141,
      "hard_negative_accuracy": 0.6383763837638377
    },
    "s1024:firstp": {
      "n_queries": 271,
      "recall_at_k": {
        "1": 0.6531365313653137,
        "5": 0.9630996309963099,
        "10": 0.992619926199262
      },
      "mrr": 0.780092836642652,
      "hard_negative_accuracy": 0.6715867158671587
    },
    "s1024:sump": {
      "n_queries": 271,
      "recall_at_k": {
        "1": 0.05166051660516605,
        "5": 0.33948339483394835,
        "10": 0.8597785977859779
      },
      "mrr": 0.21915303843348125,
      "hard_negative_accuracy": 0.055350553505535055
    },
    "s1024:meanp": {
      "n_queries": 271,
      "recall_at_k": {
        "1": 0.6494464944649446,
        "5": 0.9520295202952029,
        "10": 0.992619926199262
      },
      "mrr": 0.771727554937887,
      "hard_negative_accuracy": 0.6937269372693727
    },
    "s1024:maxp": {
      "n_queries": 271,
      "recall_at_k": {
        "1": 0.6236162361623616,
        "5": 0.9298892988929889,
        "10": 0.988929889298893
      },
      "mrr": 0.7537721708385915,
      "hard_negative_accuracy": 0.6383763837638377
    }
  },
  "meta": {
    "train_repos": [
      "Textualize/rich",
      "astral-sh/ruff",
      "encode/starlette",
      "encode/uvicorn",
      "fastapi/typer",
      "pallets/click",
      "pallets/flask",
      "pallets/jinja",
      "pallets/werkzeug",
      "psf/black"
    ],
    "test_repos": [
      "psf/requests",
      "pydantic/pydantic",
      "pytest-dev/pytest",
      "python-attrs/attrs",
      "python-pillow/Pillow",
      "python-poetry/poetry",
      "scrapy/scrapy",
      "tox-dev/tox"
    ]
  }
}
